bucket,sd
1,0.19450596852568353
2,0.24598131757847239
3,0.29557670660234925
4,0.34627496002667985
5,0.556131316006038
0,0.35752514994935736
