bucket,p50
1,0.026459759310455265
2,0.03224777363795115
3,0.04908259522793811
4,0.05629898608897399
5,0.0678177792774106
0,0.04369221875060232
